
INSERT INTO Passenger(PassengerId,LName,FName,Sex,Age,TicketNo) VALUES (1,"Braund",'Mr. Owen Harris','male',22,'A/5 21171');
INSERT INTO Passenger(PassengerId,LName,FName,Sex,Age,TicketNo) VALUES (2,"Cumings",'Mrs. John Bradley (Florence Briggs Thayer)','female',38,'PC 17599');
INSERT INTO Passenger(PassengerId,LName,FName,Sex,Age,TicketNo) VALUES (3,"Heikkinen",'Miss. Laina','female',26,'STON/O2. 3101282');  
INSERT INTO Passenger(PassengerId,LName,FName,Sex,Age,TicketNo) VALUES (4,"Futrelle",'Mrs. Jacques Heath (Lily May Peel)','female',35,'113803');
INSERT INTO Passenger(PassengerId,LName,FName,Sex,Age,TicketNo) VALUES (5,"Allen",'Mr. William Henry','male',35,'373450');
INSERT INTO Passenger(PassengerId,LName,FName,Sex,Age,TicketNo) VALUES (6,"Moran",'Mr. James','male',NULL,'330877');
INSERT INTO Passenger(PassengerId,LName,FName,Sex,Age,TicketNo) VALUES (7,"McCarthy",'Mr. Timothy J','male',54,'17463');
INSERT INTO Passenger(PassengerId,LName,FName,Sex,Age,TicketNo) VALUES (8,"Palsson",'Master. Gosta Leonard','male',2,'349909');       
INSERT INTO Passenger(PassengerId,LName,FName,Sex,Age,TicketNo) VALUES (9,"Johnson",'Mrs. Oscar W (Elisabeth Vilhelmina Berg)','female',27,'347742');
INSERT INTO Passenger(PassengerId,LName,FName,Sex,Age,TicketNo) VALUES (10,"Nasser",'Mrs. Nicholas (Adele Achem)','female',14,'237736');
INSERT INTO Passenger(PassengerId,LName,FName,Sex,Age,TicketNo) VALUES (11,"Sandstrom",'Miss. Marguerite Rut','female',4,'PP 9549');  
INSERT INTO Passenger(PassengerId,LName,FName,Sex,Age,TicketNo) VALUES (12,"Bonnell",'Miss. Elizabeth','female',58,'113783');
INSERT INTO Passenger(PassengerId,LName,FName,Sex,Age,TicketNo) VALUES (13,"Saundercock",'Mr. William Henry','male',20,'A/5. 2151');  
INSERT INTO Passenger(PassengerId,LName,FName,Sex,Age,TicketNo) VALUES (14,"Andersson",'Mr. Anders Johan','male',39,'347082');        
INSERT INTO Passenger(PassengerId,LName,FName,Sex,Age,TicketNo) VALUES (15,"Vestrom",'Miss. Hulda Amanda Adolfina','female',14,'350406');
INSERT INTO Passenger(PassengerId,LName,FName,Sex,Age,TicketNo) VALUES (16,"Hewlett",'Mrs. (Mary D Kingcome)','female',55,'248706');  
INSERT INTO Passenger(PassengerId,LName,FName,Sex,Age,TicketNo) VALUES (17,"Rice",'Master. Eugene','male',2,'382652');
INSERT INTO Passenger(PassengerId,LName,FName,Sex,Age,TicketNo) VALUES (18,"Williams",'Mr. Charles Eugene','male',NULL,'244373');
INSERT INTO Passenger(PassengerId,LName,FName,Sex,Age,TicketNo) VALUES (19,"Vander Planke",'Mrs. Julius (Emelia Maria Vandemoortele)','female',31,'345763');
INSERT INTO Passenger(PassengerId,LName,FName,Sex,Age,TicketNo) VALUES (20,"Masselmani",'Mrs. Fatima','female',NULL,'2649');
INSERT INTO Passenger(PassengerId,LName,FName,Sex,Age,TicketNo) VALUES (21,"Fynney",'Mr. Joseph J','male',35,'239865');
INSERT INTO Passenger(PassengerId,LName,FName,Sex,Age,TicketNo) VALUES (22,"Beesley",'Mr. Lawrence','male',34,'248698');
INSERT INTO Passenger(PassengerId,LName,FName,Sex,Age,TicketNo) VALUES (23,"McGowan",'Miss. Anna ""Annie','female',15,'330923');
INSERT INTO Passenger(PassengerId,LName,FName,Sex,Age,TicketNo) VALUES (24,"Sloper",'Mr. William Thompson','male',28,'113788');       
INSERT INTO Passenger(PassengerId,LName,FName,Sex,Age,TicketNo) VALUES (25,"Palsson",'Miss. Torborg Danira','female',8,'349909');
INSERT INTO Passenger(PassengerId,LName,FName,Sex,Age,TicketNo) VALUES (26,"Asplund",'Mrs. Carl Oscar (Selma Augusta Emilia Johansson)','female',38,'347077');
INSERT INTO Passenger(PassengerId,LName,FName,Sex,Age,TicketNo) VALUES (27,"Emir",'Mr. Farred Chehab','male',NULL,'2631');
INSERT INTO Passenger(PassengerId,LName,FName,Sex,Age,TicketNo) VALUES (28,"Fortune",'Mr. Charles Alexander','male',19,'19950');      
INSERT INTO Passenger(PassengerId,LName,FName,Sex,Age,TicketNo) VALUES (29,"O'Dwyer",'Miss. Ellen ""Nellie','female',NULL,'330959');
INSERT INTO Passenger(PassengerId,LName,FName,Sex,Age,TicketNo) VALUES (30,"Todoroff",'Mr. Lalio','male',NULL,'349216');
INSERT INTO Passenger(PassengerId,LName,FName,Sex,Age,TicketNo) VALUES (31,"Uruchurtu",'Don. Manuel E','male',40,'PC 17601');
INSERT INTO Passenger(PassengerId,LName,FName,Sex,Age,TicketNo) VALUES (32,"Spencer",'Mrs. William Augustus (Marie Eugenie)','female',NULL,'PC 17569');
INSERT INTO Passenger(PassengerId,LName,FName,Sex,Age,TicketNo) VALUES (33,"Glynn",'Miss. Mary Agatha','female',NULL,'335677');
INSERT INTO Passenger(PassengerId,LName,FName,Sex,Age,TicketNo) VALUES (34,"Wheadon",'Mr. Edward H','male',66,'C.A. 24579');
INSERT INTO Passenger(PassengerId,LName,FName,Sex,Age,TicketNo) VALUES (35,"Meyer",'Mr. Edgar Joseph','male',28,'PC 17604');
INSERT INTO Passenger(PassengerId,LName,FName,Sex,Age,TicketNo) VALUES (36,"Holverson",'Mr. Alexander Oskar','male',42,'113789');     
INSERT INTO Passenger(PassengerId,LName,FName,Sex,Age,TicketNo) VALUES (37,"Mamee",'Mr. Hanna','male',NULL,'2677');
INSERT INTO Passenger(PassengerId,LName,FName,Sex,Age,TicketNo) VALUES (38,"Cann",'Mr. Ernest Charles','male',21,'A./5. 2152');       
INSERT INTO Passenger(PassengerId,LName,FName,Sex,Age,TicketNo) VALUES (39,"Vander Planke",'Miss. Augusta Maria','female',18,'345764');
INSERT INTO Passenger(PassengerId,LName,FName,Sex,Age,TicketNo) VALUES (40,"Nicola-Yarred",'Miss. Jamila','female',14,'2651');        
INSERT INTO Passenger(PassengerId,LName,FName,Sex,Age,TicketNo) VALUES (41,"Ahlin",'Mrs. Johan (Johanna Persdotter Larsson)','female',40,'7546');
INSERT INTO Passenger(PassengerId,LName,FName,Sex,Age,TicketNo) VALUES (42,"Turpin",'Mrs. William John Robert (Dorothy Ann Wonnacott)','female',27,'11668');
INSERT INTO Passenger(PassengerId,LName,FName,Sex,Age,TicketNo) VALUES (43,"Kraeff",'Mr. Theodor','male',NULL,'349253');
INSERT INTO Passenger(PassengerId,LName,FName,Sex,Age,TicketNo) VALUES (44,"Laroche",'Miss. Simonne Marie Anne Andree','female',3,'SC/Paris 2123');
INSERT INTO Passenger(PassengerId,LName,FName,Sex,Age,TicketNo) VALUES (45,"Devaney",'Miss. Margaret Delia','female',19,'330958');
INSERT INTO Passenger(PassengerId,LName,FName,Sex,Age,TicketNo) VALUES (46,"Rogers",'Mr. William John','male',NULL,'S.C./A.4. 23567');    
INSERT INTO Passenger(PassengerId,LName,FName,Sex,Age,TicketNo) VALUES (47,"Lennon",'Mr. Denis','male',NULL,'370371');
INSERT INTO Passenger(PassengerId,LName,FName,Sex,Age,TicketNo) VALUES (48,"O'Driscoll",'Miss. Bridget','female',NULL,'14311');
INSERT INTO Passenger(PassengerId,LName,FName,Sex,Age,TicketNo) VALUES (49,"Samaan",'Mr. Youssef','male',NULL,'2662');

INSERT INTO Survived(PassengerId,Survived) VALUES (1,0);
INSERT INTO Survived(PassengerId,Survived) VALUES (2,1);
INSERT INTO Survived(PassengerId,Survived) VALUES (3,1);
INSERT INTO Survived(PassengerId,Survived) VALUES (4,1);
INSERT INTO Survived(PassengerId,Survived) VALUES (5,0);
INSERT INTO Survived(PassengerId,Survived) VALUES (6,0);
INSERT INTO Survived(PassengerId,Survived) VALUES (7,0);
INSERT INTO Survived(PassengerId,Survived) VALUES (8,0);
INSERT INTO Survived(PassengerId,Survived) VALUES (9,1);
INSERT INTO Survived(PassengerId,Survived) VALUES (10,1);
INSERT INTO Survived(PassengerId,Survived) VALUES (11,1);
INSERT INTO Survived(PassengerId,Survived) VALUES (12,1);
INSERT INTO Survived(PassengerId,Survived) VALUES (13,0);
INSERT INTO Survived(PassengerId,Survived) VALUES (14,0);
INSERT INTO Survived(PassengerId,Survived) VALUES (15,0);
INSERT INTO Survived(PassengerId,Survived) VALUES (16,1);
INSERT INTO Survived(PassengerId,Survived) VALUES (17,0);
INSERT INTO Survived(PassengerId,Survived) VALUES (18,1);
INSERT INTO Survived(PassengerId,Survived) VALUES (19,0);
INSERT INTO Survived(PassengerId,Survived) VALUES (20,1);
INSERT INTO Survived(PassengerId,Survived) VALUES (21,0);
INSERT INTO Survived(PassengerId,Survived) VALUES (22,1);
INSERT INTO Survived(PassengerId,Survived) VALUES (23,1);
INSERT INTO Survived(PassengerId,Survived) VALUES (24,1);
INSERT INTO Survived(PassengerId,Survived) VALUES (25,0);
INSERT INTO Survived(PassengerId,Survived) VALUES (26,1);
INSERT INTO Survived(PassengerId,Survived) VALUES (27,0);
INSERT INTO Survived(PassengerId,Survived) VALUES (28,0);
INSERT INTO Survived(PassengerId,Survived) VALUES (29,1);
INSERT INTO Survived(PassengerId,Survived) VALUES (30,0);
INSERT INTO Survived(PassengerId,Survived) VALUES (31,0);
INSERT INTO Survived(PassengerId,Survived) VALUES (32,1);
INSERT INTO Survived(PassengerId,Survived) VALUES (33,1);
INSERT INTO Survived(PassengerId,Survived) VALUES (34,0);
INSERT INTO Survived(PassengerId,Survived) VALUES (35,0);
INSERT INTO Survived(PassengerId,Survived) VALUES (36,0);
INSERT INTO Survived(PassengerId,Survived) VALUES (37,1);
INSERT INTO Survived(PassengerId,Survived) VALUES (38,0);
INSERT INTO Survived(PassengerId,Survived) VALUES (39,0);
INSERT INTO Survived(PassengerId,Survived) VALUES (40,1);
INSERT INTO Survived(PassengerId,Survived) VALUES (41,0);
INSERT INTO Survived(PassengerId,Survived) VALUES (42,0);
INSERT INTO Survived(PassengerId,Survived) VALUES (43,0);
INSERT INTO Survived(PassengerId,Survived) VALUES (44,1);
INSERT INTO Survived(PassengerId,Survived) VALUES (45,1);
INSERT INTO Survived(PassengerId,Survived) VALUES (46,0);
INSERT INTO Survived(PassengerId,Survived) VALUES (47,0);
INSERT INTO Survived(PassengerId,Survived) VALUES (48,1);
INSERT INTO Survived(PassengerId,Survived) VALUES (49,0);

INSERT INTO Tickets(TicketNo,Fare) VALUES ('A/5 21171',7.25);
INSERT INTO Tickets(TicketNo,Fare) VALUES ('PC 17599',71.28);
INSERT INTO Tickets(TicketNo,Fare) VALUES ('STON/O2. 3101282',7.92);
INSERT INTO Tickets(TicketNo,Fare) VALUES ('113803',53.10);
INSERT INTO Tickets(TicketNo,Fare) VALUES ('373450',8.05);
INSERT INTO Tickets(TicketNo,Fare) VALUES ('330877',8.45);
INSERT INTO Tickets(TicketNo,Fare) VALUES ('17463',51.86);
INSERT INTO Tickets(TicketNo,Fare) VALUES ('349909',21.07);
INSERT INTO Tickets(TicketNo,Fare) VALUES ('347742',11.13);
INSERT INTO Tickets(TicketNo,Fare) VALUES ('237736',30.07);
INSERT INTO Tickets(TicketNo,Fare) VALUES ('PP 9549',16.70);
INSERT INTO Tickets(TicketNo,Fare) VALUES ('113783',26.55);
INSERT INTO Tickets(TicketNo,Fare) VALUES ('A/5. 2151',8.05);
INSERT INTO Tickets(TicketNo,Fare) VALUES ('347082',31.27);
INSERT INTO Tickets(TicketNo,Fare) VALUES ('350406',7.85);
INSERT INTO Tickets(TicketNo,Fare) VALUES ('248706',16.00);
INSERT INTO Tickets(TicketNo,Fare) VALUES ('382652',29.12);
INSERT INTO Tickets(TicketNo,Fare) VALUES ('244373',13.00);
INSERT INTO Tickets(TicketNo,Fare) VALUES ('345763',18.00);
INSERT INTO Tickets(TicketNo,Fare) VALUES ('2649',7.22);
INSERT INTO Tickets(TicketNo,Fare) VALUES ('239865',26.00);
INSERT INTO Tickets(TicketNo,Fare) VALUES ('248698',13.00);
INSERT INTO Tickets(TicketNo,Fare) VALUES ('330923',8.02);
INSERT INTO Tickets(TicketNo,Fare) VALUES ('113788',35.5);
INSERT INTO Tickets(TicketNo,Fare) VALUES ('349909',21.07);
INSERT INTO Tickets(TicketNo,Fare) VALUES ('347077',31.38);
INSERT INTO Tickets(TicketNo,Fare) VALUES ('2631',7.22);
INSERT INTO Tickets(TicketNo,Fare) VALUES ('19950',263);
INSERT INTO Tickets(TicketNo,Fare) VALUES ('330959',7.87);
INSERT INTO Tickets(TicketNo,Fare) VALUES ('349216',7.89);
INSERT INTO Tickets(TicketNo,Fare) VALUES ('PC 17601',27.72);
INSERT INTO Tickets(TicketNo,Fare) VALUES ('PC 17569',146.52);
INSERT INTO Tickets(TicketNo,Fare) VALUES ('335677',7.75);
INSERT INTO Tickets(TicketNo,Fare) VALUES ('C.A. 24579',10.50);
INSERT INTO Tickets(TicketNo,Fare) VALUES ('PC 17604',82.17);
INSERT INTO Tickets(TicketNo,Fare) VALUES ('113789',52.00);
INSERT INTO Tickets(TicketNo,Fare) VALUES ('2677',7.22);
INSERT INTO Tickets(TicketNo,Fare) VALUES ('A./5. 2152',8.05);
INSERT INTO Tickets(TicketNo,Fare) VALUES ('345764',18);
INSERT INTO Tickets(TicketNo,Fare) VALUES ('2651',11.24);
INSERT INTO Tickets(TicketNo,Fare) VALUES ('7546',9.47);
INSERT INTO Tickets(TicketNo,Fare) VALUES ('11668',21.00);
INSERT INTO Tickets(TicketNo,Fare) VALUES ('349253',7.89);
INSERT INTO Tickets(TicketNo,Fare) VALUES ('SC/Paris 2123',41.57);
INSERT INTO Tickets(TicketNo,Fare) VALUES ('330958',7.87);
INSERT INTO Tickets(TicketNo,Fare) VALUES ('S.C./A.4. 23567',8.05);
INSERT INTO Tickets(TicketNo,Fare) VALUES ('370371',15.50);
INSERT INTO Tickets(TicketNo,Fare) VALUES ('14311',7.75);
INSERT INTO Tickets(TicketNo,Fare) VALUES ('2662',21.67);